{
	"a_XB" : 150.021105,
	"sigma_f" : 85.000000,
	"alpha_fibers" : 47.225068,
	"C_mechanics" : 527.795546
}