{
	"a_XB" : 262.776234,
	"sigma_f" : 97.000000,
	"alpha_fibers" : 48.440649,
	"C_mechanics" : 1048.233269
}