{
	"a_XB" : 105.087587,
	"sigma_f" : 88.000000,
	"alpha_fibers" : 58.181530,
	"C_mechanics" : 1125.413671
}