{
	"a_XB" : 138.096884,
	"sigma_f" : 85.000000,
	"alpha_fibers" : 57.841148,
	"C_mechanics" : 1261.705406
}