{
	"a_XB" : 137.014959,
	"sigma_f" : 102.000000,
	"alpha_fibers" : 46.821952,
	"C_mechanics" : 1069.060008
}