{
	"a_XB" : 89.727112,
	"sigma_f" : 80.000000,
	"alpha_fibers" : 58.300531,
	"C_mechanics" : 832.176799
}