{
	"a_XB" : 144.010240,
	"sigma_f" : 96.000000,
	"alpha_fibers" : 77.470575,
	"C_mechanics" : 1242.373823
}