{
	"a_XB" : 215.068704,
	"sigma_f" : 59.000000,
	"alpha_fibers" : 50.676133,
	"C_mechanics" : 470.724371
}