{
	"a_XB" : 317.788909,
	"sigma_f" : 50.000000,
	"alpha_fibers" : 50.938294,
	"C_mechanics" : 1021.011010
}