{
	"a_XB" : 197.762575,
	"sigma_f" : 58.000000,
	"alpha_fibers" : 57.235399,
	"C_mechanics" : 688.791432
}