{
	"a_XB" : 231.593281,
	"sigma_f" : 74.000000,
	"alpha_fibers" : 40.844731,
	"C_mechanics" : 1178.484311
}