{
	"a_XB" : 119.292517,
	"sigma_f" : 57.000000,
	"alpha_fibers" : 78.863928,
	"C_mechanics" : 865.105174
}