{
	"a_XB" : 197.358936,
	"sigma_f" : 68.000000,
	"alpha_fibers" : 63.079435,
	"C_mechanics" : 1145.456610
}