{
	"a_XB" : 195.960581,
	"sigma_f" : 55.000000,
	"alpha_fibers" : 52.724444,
	"C_mechanics" : 1210.120709
}