{
	"a_XB" : 111.594710,
	"sigma_f" : 64.000000,
	"alpha_fibers" : 59.344405,
	"C_mechanics" : 1210.550285
}