{
	"a_XB" : 102.492479,
	"sigma_f" : 81.000000,
	"alpha_fibers" : 61.675051,
	"C_mechanics" : 753.316144
}