{
	"a_XB" : 231.486879,
	"sigma_f" : 62.000000,
	"alpha_fibers" : 56.328332,
	"C_mechanics" : 669.688939
}