{
	"a_XB" : 141.726510,
	"sigma_f" : 63.000000,
	"alpha_fibers" : 59.781318,
	"C_mechanics" : 770.694676
}