{
	"a_XB" : 292.876178,
	"sigma_f" : 57.000000,
	"alpha_fibers" : 59.326013,
	"C_mechanics" : 648.900218
}