{
	"a_XB" : 142.561685,
	"sigma_f" : 47.000000,
	"alpha_fibers" : 50.678715,
	"C_mechanics" : 984.318822
}