{
	"a_XB" : 127.015563,
	"sigma_f" : 89.000000,
	"alpha_fibers" : 40.160685,
	"C_mechanics" : 458.507242
}