{
	"a_XB" : 179.611782,
	"sigma_f" : 44.000000,
	"alpha_fibers" : 51.054450,
	"C_mechanics" : 664.142676
}