{
	"a_XB" : 131.326102,
	"sigma_f" : 56.000000,
	"alpha_fibers" : 54.577029,
	"C_mechanics" : 758.511215
}