{
	"a_XB" : 163.804200,
	"sigma_f" : 49.000000,
	"alpha_fibers" : 77.255750,
	"C_mechanics" : 1066.691637
}