{
	"a_XB" : 230.519593,
	"sigma_f" : 75.000000,
	"alpha_fibers" : 79.855185,
	"C_mechanics" : 490.178644
}