{
	"a_XB" : 141.881385,
	"sigma_f" : 66.000000,
	"alpha_fibers" : 47.964188,
	"C_mechanics" : 1260.225335
}