{
	"a_XB" : 189.957986,
	"sigma_f" : 72.000000,
	"alpha_fibers" : 54.785356,
	"C_mechanics" : 986.233722
}