{
	"a_XB" : 121.103825,
	"sigma_f" : 47.000000,
	"alpha_fibers" : 69.501476,
	"C_mechanics" : 982.891459
}