{
	"a_XB" : 199.044001,
	"sigma_f" : 71.000000,
	"alpha_fibers" : 59.173518,
	"C_mechanics" : 1010.203724
}