{
	"a_XB" : 171.904902,
	"sigma_f" : 43.000000,
	"alpha_fibers" : 63.522354,
	"C_mechanics" : 1112.142750
}