{
	"a_XB" : 224.363691,
	"sigma_f" : 46.000000,
	"alpha_fibers" : 50.461293,
	"C_mechanics" : 448.586143
}