{
	"a_XB" : 223.027343,
	"sigma_f" : 85.000000,
	"alpha_fibers" : 51.900173,
	"C_mechanics" : 924.375640
}