{
	"a_XB" : 298.946886,
	"sigma_f" : 59.000000,
	"alpha_fibers" : 61.558094,
	"C_mechanics" : 712.846055
}