{
	"a_XB" : 249.930652,
	"sigma_f" : 62.000000,
	"alpha_fibers" : 54.801429,
	"C_mechanics" : 808.307398
}