{
	"a_XB" : 134.854460,
	"sigma_f" : 97.000000,
	"alpha_fibers" : 76.615382,
	"C_mechanics" : 1205.192581
}