{
	"a_XB" : 186.041454,
	"sigma_f" : 95.000000,
	"alpha_fibers" : 68.552865,
	"C_mechanics" : 973.754593
}