{
	"a_XB" : 88.628126,
	"sigma_f" : 53.000000,
	"alpha_fibers" : 59.682543,
	"C_mechanics" : 710.450694
}