{
	"a_XB" : 121.634485,
	"sigma_f" : 55.000000,
	"alpha_fibers" : 52.521391,
	"C_mechanics" : 961.183233
}