{
	"a_XB" : 251.798644,
	"sigma_f" : 95.000000,
	"alpha_fibers" : 72.666077,
	"C_mechanics" : 815.564966
}