{
	"a_XB" : 103.752784,
	"sigma_f" : 80.000000,
	"alpha_fibers" : 43.989859,
	"C_mechanics" : 925.321637
}