{
	"a_XB" : 317.867755,
	"sigma_f" : 104.000000,
	"alpha_fibers" : 62.360038,
	"C_mechanics" : 938.110318
}