{
	"a_XB" : 313.011624,
	"sigma_f" : 79.000000,
	"alpha_fibers" : 50.844639,
	"C_mechanics" : 547.392497
}