{
	"a_XB" : 182.434827,
	"sigma_f" : 50.000000,
	"alpha_fibers" : 40.411676,
	"C_mechanics" : 829.563395
}