{
	"a_XB" : 86.042003,
	"sigma_f" : 89.000000,
	"alpha_fibers" : 43.886784,
	"C_mechanics" : 495.963496
}