{
	"a_XB" : 169.699536,
	"sigma_f" : 61.000000,
	"alpha_fibers" : 46.730174,
	"C_mechanics" : 702.473784
}